MNP Estadística de Nacimientos,,,,,,,,,,,,,,,,,,,,,,,,,,,,,,,,,,,,,,,,,,,,,,,,,,,,,,,,,,,,,,,,,,,,,,,,,,,,,,,,,,,,,,,,,,,,,,,,,,,,,,,,,,,,,,,,,,,,,,,,,,,,,,,,,,,,,,,,,,,,,,,,,,,,,,,,,,,,,,,,,,,,,,,,,,,,,,,,,,,,,,,,,,,,,,,,,,,,,,,,,,,,,,,,,,,,,,,,,,,,,,,,,,,,,,,
Nacimientos (Cifras anuales),,,,,,,,,,,,,,,,,,,,,,,,,,,,,,,,,,,,,,,,,,,,,,,,,,,,,,,,,,,,,,,,,,,,,,,,,,,,,,,,,,,,,,,,,,,,,,,,,,,,,,,,,,,,,,,,,,,,,,,,,,,,,,,,,,,,,,,,,,,,,,,,,,,,,,,,,,,,,,,,,,,,,,,,,,,,,,,,,,,,,,,,,,,,,,,,,,,,,,,,,,,,,,,,,,,,,,,,,,,,,,,,,,,,,,,
Por lugar de inscripción y sexo. Total nacional y comunidades autónomas.,,,,,,,,,,,,,,,,,,,,,,,,,,,,,,,,,,,,,,,,,,,,,,,,,,,,,,,,,,,,,,,,,,,,,,,,,,,,,,,,,,,,,,,,,,,,,,,,,,,,,,,,,,,,,,,,,,,,,,,,,,,,,,,,,,,,,,,,,,,,,,,,,,,,,,,,,,,,,,,,,,,,,,,,,,,,,,,,,,,,,,,,,,,,,,,,,,,,,,,,,,,,,,,,,,,,,,,,,,,,,,,,,,,,,,,
Unidades: Nacimientos,,,,,,,,,,,,,,,,,,,,,,,,,,,,,,,,,,,,,,,,,,,,,,,,,,,,,,,,,,,,,,,,,,,,,,,,,,,,,,,,,,,,,,,,,,,,,,,,,,,,,,,,,,,,,,,,,,,,,,,,,,,,,,,,,,,,,,,,,,,,,,,,,,,,,,,,,,,,,,,,,,,,,,,,,,,,,,,,,,,,,,,,,,,,,,,,,,,,,,,,,,,,,,,,,,,,,,,,,,,,,,,,,,,,,,,
,Total,,,,,,,,,,,,,,,,,,,,,,,,,,,,,,,,,,,,,,,,,,,,,,,,,,,,,,,,,,,,,,,,,,,,,,,,,,,,,Hombres,,,,,,,,,,,,,,,,,,,,,,,,,,,,,,,,,,,,,,,,,,,,,,,,,,,,,,,,,,,,,,,,,,,,,,,,,,,,,Mujeres,,,,,,,,,,,,,,,,,,,,,,,,,,,,,,,,,,,,,,,,,,,,,,,,,,,,,,,,,,,,,,,,,,,,,,,,,,,,
,2017,2016,2015,2014,2013,2012,2011,2010,2009,2008,2007,2006,2005,2004,2003,2002,2001,2000,1999,1998,1997,1996,1995,1994,1993,1992,1991,1990,1989,1988,1987,1986,1985,1984,1983,1982,1981,1980,1979,1978,1977,1976,1975,1974,1973,1972,1971,1970,1969,1968,1967,1966,1965,1964,1963,1962,1961,1960,1959,1958,1957,1956,1955,1954,1953,1952,1951,1950,1949,1948,1947,1946,1945,1944,1943,1942,1941,2017,2016,2015,2014,2013,2012,2011,2010,2009,2008,2007,2006,2005,2004,2003,2002,2001,2000,1999,1998,1997,1996,1995,1994,1993,1992,1991,1990,1989,1988,1987,1986,1985,1984,1983,1982,1981,1980,1979,1978,1977,1976,1975,1974,1973,1972,1971,1970,1969,1968,1967,1966,1965,1964,1963,1962,1961,1960,1959,1958,1957,1956,1955,1954,1953,1952,1951,1950,1949,1948,1947,1946,1945,1944,1943,1942,1941,2017,2016,2015,2014,2013,2012,2011,2010,2009,2008,2007,2006,2005,2004,2003,2002,2001,2000,1999,1998,1997,1996,1995,1994,1993,1992,1991,1990,1989,1988,1987,1986,1985,1984,1983,1982,1981,1980,1979,1978,1977,1976,1975,1974,1973,1972,1971,1970,1969,1968,1967,1966,1965,1964,1963,1962,1961,1960,1959,1958,1957,1956,1955,1954,1953,1952,1951,1950,1949,1948,1947,1946,1945,1944,1943,1942,1941
Total Nacional,393181,410583,420290,427595,425715,454648,471999,486575,494997,519779,492527,482957,466371,454591,441881,418846,406380,397632,380130,365193,369035,362626,363469,370148,385786,396747,395989,401425,408434,418919,426782,438750,456298,473281,485352,515706,533008,571018,601992,636892,656357,677456,669378,688711,672963,672405,672092,663667,666568,667311,680125,669919,676361,697697,671520,658816,654616,663375,654474,653216,646784,608121,598970,577886,589188,593019,567474,565378,601759,642041,588732,585381,,,,,,202478,211087,216496,220843,219056,234386,243292,250727,255954,268377,253895,249184,240201,234875,227584,215995,208787,205596,195742,188997,190112,186698,187399,191055,199406,204727,204878,207495,211201,216707,221297,227176,236229,246051,251585,268639,278175,296224,310911,329779,339101,349232,346386,353727,346075,345963,345851,341401,342713,342726,349315,344358,347027,358304,345299,338813,336867,341715,336105,334511,331588,311684,307544,295932,302746,305899,291782,290300,308649,329655,302341,300015,,,,,,190703,199496,203794,206752,206659,220262,228707,235848,239043,251402,238632,233773,226170,219716,214297,202851,197593,192036,184388,176196,178923,175928,176070,179093,186380,192020,191111,193930,197233,202212,205485,211574,220069,227230,233767,247067,254833,274794,291081,307113,317256,328224,322992,334984,326888,326442,326241,322266,323855,324585,330810,325561,329334,339393,326221,320003,317749,321660,318369,318705,315196,296437,291426,281954,286442,287120,275692,275078,293110,312386,286391,285366,,,,,
01 Andalucía,75164,79677,81101,82660,81844,86714,89955,92604,94955,100681,96387,95755,92285,89516,86621,82290,81464,81032,79135,76969,78570,77598,79610,81808,86484,88220,88493,89436,89759,92343,93759,95317,97731,102276,105136,109639,110623,116577,119068,123614,124987,127248,124911,128229,127478,128877,130253,131689,134858,136775,142156,139829,144219,153833,146757,141630,143896,146965,143685,147865,146646,135628,136014,130045,136905,138062,130171,119731,137214,152065,137749,131085,149113,139342,148265,125191,116879,38647,41117,41875,42419,42174,44689,46137,47722,48935,52257,49661,49465,47467,46204,44579,42288,41750,42086,41041,39826,40505,39968,41086,42242,44854,45550,46098,46377,46465,47886,48550,49151,50549,52798,54443,56620,57192,60692,61772,63871,64500,65589,64632,65814,65654,66118,67135,67659,69254,70163,73055,72152,73882,79033,75408,72879,74222,75742,73656,75811,75156,69500,69825,66820,70589,71543,66907,61421,70668,78106,70719,66912,76567,71557,76731,64741,60364,36517,38560,39226,40241,39670,42025,43818,44882,46020,48424,46726,46290,44818,43312,42042,40002,39714,38946,38094,37143,38065,37630,38524,39566,41630,42670,42395,43059,43294,44457,45209,46166,47182,49478,50693,53019,53431,55885,57296,59743,60487,61659,60279,62415,61824,62759,63118,64030,65604,66612,69101,67677,70337,74800,71349,68751,69674,71223,70029,72054,71490,66128,66189,63225,66316,66519,63264,58310,66546,73959,67030,64173,72546,67785,71534,60450,56515
02 Aragón,10518,10919,11335,11612,11658,11964,12632,12949,13078,13663,12912,12325,11677,11489,11050,10404,10393,9956,9608,9200,9429,9288,9325,9658,9574,10074,9812,9700,10138,10584,10686,11173,11684,12130,12237,13367,13778,14998,15598,16469,17184,17725,17658,17587,17441,17893,17597,17435,17582,17811,18567,18762,19106,20053,19730,20027,19803,20245,19694,19839,20401,18974,19365,18188,18974,18970,18525,18918,20127,21001,19845,20466,20892,20266,20322,19017,18407,5393,5587,5784,6050,5988,6118,6465,6612,6786,7097,6644,6382,6055,5901,5706,5363,5312,5129,4988,4855,4813,4719,4814,4900,4929,5108,4968,5088,5331,5432,5445,5695,6069,6371,6333,6930,7265,7811,7965,8724,8809,9190,9117,9140,8998,9218,9073,9047,9198,9111,9417,9612,9821,10371,10195,10453,10126,10285,10169,10315,10518,9558,9930,9255,9725,9800,9532,9708,10400,10814,10210,10681,10727,10459,10571,9963,9479,5125,5332,5551,5562,5670,5846,6167,6337,6292,6566,6268,5943,5622,5588,5344,5041,5081,4827,4620,4345,4616,4569,4511,4758,4645,4966,4844,4612,4807,5152,5241,5478,5615,5759,5904,6437,6513,7187,7633,7745,8375,8535,8541,8447,8443,8675,8524,8388,8384,8700,9150,9150,9285,9682,9535,9574,9677,9960,9525,9524,9883,9416,9435,8933,9249,9170,8993,9210,9727,10187,9635,9785,10165,9807,9751,9054,8928
03  Principado deAsturias,6111,6446,6560,6683,6773,7699,7898,7896,8307,8332,7956,7703,7565,7324,7200,6798,6937,6824,6628,6413,6563,6592,6645,6698,7038,7530,7775,7824,8004,8600,9474,10292,10701,11288,11870,12414,13367,14448,15384,15792,17331,17899,17358,17912,17149,17426,17419,16540,16687,16396,17006,16181,16844,17671,17834,18318,18814,19621,19789,19913,19375,19233,18271,17517,17388,17381,16284,16169,17217,17606,16670,17519,17230,15990,15714,12734,13205,3175,3240,3437,3464,3460,4005,4100,4013,4270,4196,4102,3981,3894,3810,3693,3445,3634,3552,3489,3274,3438,3356,3407,3377,3698,3846,4023,3991,4093,4472,4890,5440,5567,5825,6176,6396,6836,7471,7887,8193,8966,9406,9016,9108,8677,8891,9021,8583,8659,8408,8664,8332,8612,9004,9077,9361,9790,10096,10090,9949,9981,9674,9273,8875,8937,8966,8355,8454,8620,9051,8547,9025,8854,8252,7906,6524,6853,2936,3206,3123,3219,3313,3694,3798,3883,4037,4136,3854,3722,3671,3514,3507,3353,3303,3272,3139,3139,3125,3236,3238,3321,3340,3684,3752,3833,3911,4128,4584,4852,5134,5463,5694,6018,6531,6977,7497,7599,8365,8493,8342,8804,8472,8535,8398,7957,8028,7988,8342,7849,8232,8667,8757,8957,9024,9525,9699,9964,9394,9559,8998,8642,8451,8415,7929,7715,8597,8555,8123,8494,8376,7738,7808,6210,6352
04  IllesBalears,10228,10551,10562,10627,10476,10957,11222,11901,11988,12640,11871,11639,10884,10717,10605,10364,9841,9443,8829,8281,8147,7781,7661,7637,7856,8414,8540,8739,8768,8656,8560,8691,8853,8800,8882,9056,9349,9808,10006,9923,10279,11036,11024,12393,12256,11895,11855,10823,10474,10091,10170,9811,9412,9422,8679,7987,7610,7595,7199,7104,6990,6525,6424,6216,6097,6364,5840,5949,6088,6856,6448,6567,6564,6607,6966,6069,5926,5245,5402,5409,5550,5364,5562,5821,6071,6098,6580,6114,6004,5702,5493,5390,5345,4989,4865,4539,4323,4227,3991,3903,3962,3978,4334,4467,4564,4553,4503,4329,4539,4680,4684,4785,4899,4805,4997,5194,5118,5302,5751,5827,6386,6316,6140,6163,5588,5369,5198,5304,5104,4848,4857,4470,4118,3905,3921,3707,3669,3513,3362,3280,3243,3142,3327,2999,3115,3124,3493,3320,3372,3434,3376,3540,3167,3050,4983,5149,5153,5077,5112,5395,5401,5830,5890,6060,5757,5635,5182,5224,5215,5019,4852,4578,4290,3958,3920,3790,3758,3675,3878,4080,4073,4175,4215,4153,4231,4152,4173,4116,4097,4157,4544,4811,4812,4805,4977,5285,5197,6007,5940,5755,5692,5235,5105,4893,4866,4707,4564,4565,4209,3869,3705,3674,3492,3435,3477,3163,3144,2973,2955,3037,2841,2834,2964,3363,3128,3195,3130,3231,3426,2902,2876
05 Canarias,15680,16059,16081,16316,15779,17135,17352,18223,18891,20569,19667,20566,20075,19073,19145,19341,19160,18847,18666,17285,17206,16941,16768,16938,17520,18242,18106,18580,19207,19856,19558,19645,19864,20780,21582,22785,23861,24954,25662,25963,26270,27507,27405,29639,29989,29200,29992,29355,28645,27857,28419,27903,28160,28541,27094,25962,25360,24252,22903,22718,22701,22554,23060,22009,21663,21113,21353,20977,21188,21262,20931,22079,23568,24254,22841,22092,19622,8071,8186,8152,8408,8050,8851,8952,9369,9750,10603,10163,10581,10356,9800,9941,10100,9851,9776,9592,8983,8677,8728,8626,8759,8991,9485,9319,9629,10050,10214,10350,10210,10183,10748,11164,12009,12646,12951,13180,13257,13643,14142,14287,15214,15040,14731,15242,15121,14723,14375,14699,14291,14432,14486,13953,13381,12992,12492,11724,11671,11739,11601,12054,11201,11117,11023,10927,10865,10965,10974,10758,11258,12130,12550,11702,11520,10180,7609,7873,7929,7908,7729,8284,8400,8854,9141,9966,9504,9985,9719,9273,9204,9241,9309,9071,9074,8302,8529,8213,8142,8179,8529,8757,8787,8951,9157,9642,9208,9435,9681,10032,10418,10776,11215,12003,12482,12706,12627,13365,13118,14425,14949,14469,14750,14234,13922,13482,13720,13612,13728,14055,13141,12581,12368,11760,11179,11047,10962,10953,11006,10808,10546,10090,10426,10112,10223,10288,10173,10821,11438,11704,11139,10572,9442
06 Cantabria,4079,4234,4345,4535,4749,5002,5279,5483,5544,5761,5286,5111,5190,4961,4786,4521,4262,4277,4012,3827,3905,3863,3763,3855,4127,4339,4356,4572,4603,4995,5191,5437,5767,6129,6588,6992,7531,7982,8259,8779,8835,9094,8804,8566,8618,8411,8334,8659,8615,8575,8941,8867,8772,8787,8939,8927,9147,9323,9578,9496,9737,9119,8914,8832,8891,9021,8750,8926,8996,9309,8693,8587,8412,7911,7880,7401,6921,2105,2201,2153,2352,2459,2617,2757,2802,2864,2963,2702,2632,2642,2520,2452,2319,2162,2189,2031,2011,2079,2003,1928,2018,2124,2332,2284,2362,2372,2565,2682,2855,3010,3200,3435,3637,3947,4181,4271,4508,4574,4642,4566,4449,4437,4308,4318,4481,4395,4522,4569,4572,4456,4496,4586,4613,4782,4717,4871,4867,5027,4759,4644,4463,4444,4713,4579,4614,4611,4802,4464,4430,4335,4028,4129,3890,3558,1974,2033,2192,2183,2290,2385,2522,2681,2680,2798,2584,2479,2548,2441,2334,2202,2100,2088,1981,1816,1826,1860,1835,1837,2003,2007,2072,2210,2231,2430,2509,2582,2757,2929,3153,3355,3584,3801,3988,4271,4261,4452,4238,4117,4181,4103,4016,4178,4220,4053,4372,4295,4316,4291,4353,4314,4365,4606,4707,4629,4710,4360,4270,4369,4447,4308,4171,4312,4385,4507,4229,4157,4077,3883,3751,3511,3363
07 Castilla y León,15474,16620,17398,17873,17840,19088,19870,20484,20468,21366,20060,19786,19391,18923,18628,18121,17611,17931,17345,17137,18077,17786,18008,18477,19418,20032,20484,21197,22015,22627,23837,24870,26322,27663,28526,30209,31009,33019,34592,36461,36805,38261,36931,38788,38763,39895,40962,41815,43975,44830,46343,47301,49832,53138,54643,56450,58049,61338,61586,61365,63707,63876,64263,63747,65388,66236,64670,68303,70274,73275,66218,67588,73845,71980,72677,66917,65717,7915,8613,8896,9370,9291,9894,10275,10594,10541,10988,10444,10233,10012,9746,9428,9415,8960,9301,8834,8834,9301,9109,9219,9660,9983,10398,10738,10889,11298,11803,12254,12930,13747,14394,14747,16195,16488,17256,17841,18943,18988,19610,18966,19966,19981,20455,21209,21557,22706,22996,23672,24217,25534,27163,28192,28830,30094,31572,31589,31292,32522,32941,32721,32629,33568,34157,33365,34938,35835,37639,34085,34390,37730,37108,37326,34546,34130,7559,8007,8502,8503,8549,9194,9595,9890,9927,10378,9616,9553,9379,9177,9200,8706,8651,8630,8511,8303,8776,8677,8789,8817,9435,9634,9746,10308,10717,10824,11583,11940,12575,13269,13779,14014,14521,15763,16751,17518,17817,18651,17965,18822,18782,19440,19753,20258,21269,21834,22671,23084,24298,25975,26451,27620,27955,29766,29997,30073,31185,30935,31542,31118,31820,32079,31305,33365,34439,35636,32133,33198,36115,34872,35351,32371,31587
08 Castilla - La Mancha,15876,16589,17198,17407,18162,19306,20325,21041,21422,22119,19980,19480,18295,17900,17429,16608,16308,16275,16260,15808,16323,16354,16934,17277,17693,18392,18102,18338,18825,18770,19196,19528,19791,21159,21501,22239,22647,23239,24014,24805,24355,25561,25121,25813,26084,26937,27311,28899,30594,31814,32743,33537,35758,39485,40380,41564,43507,46055,44738,45399,44324,42662,42120,41869,44889,46876,43840,46654,49116,52490,46970,45394,49055,49449,50189,44287,38206,8176,8550,8835,8976,9329,9877,10534,10769,11085,11359,10233,10086,9493,9343,8984,8542,8354,8441,8351,8091,8326,8512,8746,8946,9181,9418,9395,9513,9658,9773,9905,10147,10110,11110,11237,11678,11891,12084,12409,12943,12687,13170,13007,13287,13454,13813,14028,14756,15732,16395,16890,17249,18518,20360,20842,21473,22467,23753,22833,23449,22632,21953,21525,21272,23157,24204,22607,24025,25190,26831,24057,23323,25215,25444,25942,22856,19666,7700,8039,8363,8431,8833,9429,9791,10272,10337,10760,9747,9394,8802,8557,8445,8066,7954,7834,7909,7717,7997,7842,8188,8331,8512,8974,8707,8825,9167,8997,9291,9381,9681,10049,10264,10561,10756,11155,11605,11862,11668,12391,12114,12526,12630,13124,13283,14143,14862,15419,15853,16288,17240,19125,19538,20091,21040,22302,21905,21950,21692,20709,20595,20597,21732,22672,21233,22629,23926,25659,22913,22071,23840,24005,24247,21431,18540
09 Cataluña,66929,69068,70599,71726,71779,77577,81378,84492,85357,89412,84173,82484,79882,77176,73486,68841,65338,64064,59867,57025,57074,55045,54239,54862,56037,57618,56903,57222,57702,58631,58832,61158,65310,63800,62530,67129,68555,79851,87736,97092,103084,104961,110223,112579,107469,105220,102604,98947,95278,94358,95415,92151,89488,87940,80419,76454,71728,70670,70491,69072,66660,61154,58490,56503,53921,53236,49745,49923,50989,52408,48437,47481,47192,45067,42726,37107,39135,34533,35478,36486,37171,36981,39963,41837,43819,44344,46199,43368,42644,41419,39667,38030,35522,33580,32955,30731,29613,29415,28602,28046,28163,28916,29625,29390,29665,29943,30317,30579,31434,33680,33583,32236,34921,35997,41282,45384,50201,52881,54321,57186,57812,55018,54911,52829,51133,49091,48539,49304,47591,46063,45520,41419,39570,36719,36483,36102,35302,34108,31509,30256,29091,27774,27433,25465,25494,26214,26740,25006,24409,24266,23161,22133,19323,20142,32396,33590,34113,34555,34798,37614,39541,40673,41013,43213,40805,39840,38463,37509,35456,33319,31758,31109,29136,27412,27659,26443,26193,26699,27121,27993,27513,27557,27759,28314,28253,29724,31630,30217,30294,32208,32558,38569,42352,46891,50203,50640,53037,54767,52451,50309,49775,47814,46187,45819,46111,44560,43425,42420,39000,36884,35009,34187,34389,33770,32552,29645,28234,27412,26147,25803,24280,24429,24775,25668,23431,23072,22926,21906,20593,17784,18993
10 Comunitat Valenciana,40434,42090,43532,44415,44248,47632,49508,51740,52434,57103,54520,52800,50663,48990,47347,44210,42301,40786,38792,36909,36795,36589,36726,37043,38704,39678,39630,40255,40136,41232,41359,42779,44229,46247,47593,51620,54540,58078,61564,64525,66099,66921,64947,65824,62984,61218,61111,59395,58429,58486,59186,57559,55961,56533,52881,50709,49295,48891,49141,47341,46473,43004,42870,41031,40021,41622,40010,39532,40687,43475,40054,40082,41067,40613,41051,36561,36602,20911,21670,22468,22936,22901,24416,25627,26829,27184,29556,28138,27251,26115,25387,24271,22902,21867,21003,19781,19077,19022,18994,18900,19122,20097,20490,20422,20718,20684,21468,21682,22258,23016,24211,24803,26883,28419,29960,31828,33505,34258,34565,33683,33605,32456,31434,31559,30681,29817,30030,30372,29819,28849,28987,27451,26080,25349,25106,25334,24470,23959,21957,22023,20938,20584,21559,20499,20302,20769,22537,20580,20705,21228,20841,21387,18773,19051,19523,20420,21064,21479,21347,23216,23881,24911,25250,27547,26382,25549,24548,23603,23076,21308,20434,19783,19011,17832,17773,17595,17826,17921,18607,19188,19208,19537,19452,19764,19677,20521,21213,22036,22790,24737,26121,28118,29736,31020,31841,32356,31264,32219,30528,29784,29552,28714,28612,28456,28814,27740,27112,27546,25430,24629,23946,23785,23807,22871,22514,21047,20847,20093,19437,20063,19511,19230,19918,20938,19474,19377,19839,19772,19664,17788,17551
11 Extremadura,8527,8775,8954,9183,8896,9444,9994,10192,10401,10824,10172,10272,10010,9897,9939,9746,9867,10072,10017,9993,10270,10514,10795,11258,11698,12259,12364,12408,12963,13509,13883,13903,13863,14084,14663,15269,15030,15702,15655,15984,15811,16431,16273,17028,17897,18574,19232,20115,21811,22451,23079,24406,25795,28955,29556,30784,31228,32646,32771,33119,31997,31167,31754,31503,32906,33098,32508,30274,33826,37031,33164,30514,35233,35675,36934,30303,26911,4370,4539,4653,4651,4507,4855,5275,5236,5399,5635,5284,5226,5143,5081,5097,5018,5071,5172,5120,5119,5363,5359,5576,5836,5975,6273,6388,6432,6698,7006,7235,7261,7296,7343,7713,7999,7817,8082,8119,8255,8107,8472,8435,8715,9320,9635,9888,10326,11389,11595,11778,12514,13327,15026,15310,15944,16093,17007,16860,16966,16455,15957,16199,16099,17112,17022,16669,15722,17381,18935,17085,15799,18219,18523,18933,15701,13857,4157,4236,4301,4532,4389,4589,4719,4956,5002,5189,4888,5046,4867,4816,4842,4728,4796,4900,4897,4874,4907,5155,5219,5422,5723,5986,5976,5976,6265,6503,6648,6642,6567,6741,6950,7270,7213,7620,7536,7729,7704,7959,7838,8313,8577,8939,9344,9789,10422,10856,11301,11892,12468,13929,14246,14840,15135,15639,15911,16153,15542,15210,15555,15404,15794,16076,15839,14552,16445,18096,16079,14715,17014,17152,18001,14602,13054
12 Galicia,18485,19148,19532,19743,19813,21190,21670,22152,22635,23271,21833,21469,21164,20692,20463,19397,19416,19484,18841,18564,18740,18633,18828,19714,21313,21636,21938,22500,23591,24569,25845,26179,28398,30498,32072,34248,36333,39202,41211,43927,43994,45008,44032,44349,42810,43317,42788,43103,44278,45302,44703,44679,44596,45587,45642,46237,47838,48733,48345,48982,49535,49163,48841,49016,50650,51540,49434,53408,57364,60310,55670,60007,61330,60100,59839,52734,52774,9489,9811,10098,10316,10115,11037,11295,11544,11641,12032,11241,11105,10883,10683,10554,10025,9993,10104,9716,9639,9673,9545,9712,10124,10985,11158,11328,11551,12151,12674,13370,13529,14663,15692,16445,17992,19223,20282,21055,22514,22767,22914,22431,22991,21995,22258,21962,21873,22384,23255,23027,22597,22642,23400,23241,23696,24620,25310,24904,24965,25353,24920,25226,25119,25915,26442,25378,27479,29313,30912,28462,30624,31489,30971,30554,27126,27091,8996,9337,9434,9427,9698,10153,10375,10608,10994,11239,10592,10364,10281,10009,9909,9372,9423,9380,9125,8925,9067,9088,9116,9590,10328,10478,10610,10949,11440,11895,12475,12650,13735,14806,15627,16256,17110,18920,20156,21413,21227,22094,21601,21358,20815,21059,20826,21230,21894,22047,21676,22082,21954,22187,22401,22541,23218,23423,23441,24017,24182,24243,23615,23897,24735,25098,24056,25929,28051,29398,27208,29383,29841,29129,29285,25608,25683
13  Comunidad deMadrid,61521,64352,65675,66352,66098,70189,72773,74504,76559,79507,75524,72764,70143,69727,67707,63691,60237,57040,52483,49425,49229,47927,47448,48132,49986,51214,50209,50919,51961,52433,54150,55496,58004,60554,61718,66642,70121,73485,79679,85123,89243,93893,91924,94526,89365,88430,87495,83442,81592,79226,78879,74670,73544,72005,65539,63407,60869,59807,56528,55057,52674,45888,41688,37469,36796,35059,33419,33479,34054,36991,33660,33073,34476,34276,33002,26876,27182,31608,33021,33767,34284,33952,36089,37385,38177,39603,40846,38822,37460,35772,36268,34893,32878,30980,29525,27198,25533,25406,24524,24541,25044,25802,26369,25827,26360,26818,26982,27927,28456,30101,31284,32009,34479,36480,37989,41194,44382,46221,48247,47725,48601,46238,45400,44931,43047,42263,40599,40482,38358,37927,36992,33861,32838,31330,30849,29085,28346,27117,23795,21572,19362,18999,18118,17471,17273,17604,19119,17450,17042,17914,17660,17183,13945,14061,29913,31331,31908,32068,32146,34100,35388,36327,36956,38661,36702,35304,34371,33459,32814,30813,29257,27515,25285,23892,23823,23403,22907,23088,24184,24845,24382,24559,25143,25451,26223,27040,27903,29270,29709,32163,33641,35496,38485,40741,43022,45646,44199,45925,43127,43030,42564,40395,39329,38627,38397,36312,35617,35013,31678,30569,29539,28958,27443,26711,25557,22093,20116,18107,17797,16941,15948,16206,16450,17872,16210,16031,16562,16616,15819,12931,13121
14  Región deMurcia,15132,15548,15977,16293,16093,16665,17400,17996,18540,19372,18617,18131,17370,16709,16470,15568,15044,14229,13148,12843,13037,12672,12563,12537,13365,13814,13924,14071,14251,14280,14371,14282,14821,15214,15730,16838,17011,18333,18956,19096,19277,19876,18617,20383,19726,19579,19645,19606,20018,20257,20527,20399,20609,21039,21319,20279,18921,19164,19280,19474,19698,17372,17602,16932,18057,18081,17902,17645,18053,20025,18237,18593,20123,18430,17161,16007,15714,7751,8029,8178,8483,8279,8671,9004,9293,9557,9941,9597,9411,9014,8676,8568,8047,7674,7312,6727,6596,6680,6564,6475,6504,6971,7167,7095,7221,7437,7467,7429,7437,7643,7803,8213,8622,8904,9609,9866,9839,10004,10275,9559,10379,10072,9808,9904,9842,10106,10159,10361,10255,10355,10530,10386,9781,9539,9578,9960,9730,9920,8642,8858,8464,9013,8932,9020,8793,9041,10117,9186,9341,10130,9159,8711,8022,8116,7381,7519,7799,7810,7814,7994,8396,8703,8983,9431,9020,8720,8356,8033,7902,7521,7370,6917,6421,6247,6357,6108,6088,6033,6394,6647,6829,6850,6814,6813,6942,6845,7178,7411,7517,8216,8107,8724,9090,9257,9273,9601,9058,10004,9654,9771,9741,9764,9912,10098,10166,10144,10254,10509,10933,10498,9382,9586,9320,9744,9778,8730,8744,8468,9044,9149,8882,8852,9012,9908,9051,9252,9993,9271,8450,7985,7598
15  Comunidad Foral deNavarra,5736,5905,6007,6188,6104,6752,6763,6822,6873,7064,6616,6593,6193,6342,6211,5839,5733,5307,5160,5000,4982,4866,4669,4704,4730,4580,4695,4752,4924,5018,4828,5200,5293,5653,5855,6284,6713,7002,7379,7841,8313,8686,8638,8480,8370,8509,8680,8508,8625,8493,8453,8324,8361,8523,8374,8026,8148,7923,7964,7853,8103,7863,7652,7536,7637,7932,7587,7770,8090,8422,7958,8008,8457,8029,8160,7553,7263,2934,3013,3076,3141,3114,3477,3537,3500,3524,3668,3432,3313,3115,3335,3162,2995,2937,2753,2696,2576,2566,2424,2392,2422,2481,2408,2466,2472,2536,2566,2518,2794,2727,2967,3038,3268,3354,3638,3861,4086,4319,4501,4408,4376,4259,4488,4417,4343,4460,4396,4293,4216,4318,4356,4393,4147,4167,4102,4134,4012,4100,3987,3895,3910,3935,4047,3898,4015,4207,4276,4112,4062,4242,4069,4091,3912,3687,2802,2892,2931,3047,2990,3275,3226,3322,3349,3396,3184,3280,3078,3007,3049,2844,2796,2554,2464,2424,2416,2442,2277,2282,2249,2172,2229,2280,2388,2452,2310,2406,2566,2686,2817,3016,3359,3364,3518,3755,3994,4185,4230,4104,4111,4021,4263,4165,4165,4097,4160,4108,4043,4167,3981,3879,3981,3821,3830,3841,4003,3876,3757,3626,3702,3885,3689,3755,3883,4146,3846,3946,4215,3960,4069,3641,3576
16 País Vasco,17288,18432,19071,19596,19333,20794,21389,21480,21206,21614,20876,20268,19944,19765,19490,18296,17828,17515,16965,16302,16493,16171,15476,15384,15950,16448,16467,16641,17291,18296,18877,20434,20906,22346,23944,25866,27344,28719,31455,35431,38506,40829,39418,40209,40336,40715,40284,38927,38723,38270,38976,38864,39020,38764,36502,34794,32979,32506,33038,31093,29801,26632,24384,22514,21780,21075,19960,20061,20662,21221,19928,20202,19984,19188,18184,15492,16166,8936,9429,9828,9984,9951,10866,10861,10954,11056,11145,10773,10441,10237,10197,10110,9317,9258,9061,8670,8480,8513,8239,7998,7876,8192,8545,8484,8532,8886,9305,9856,10772,10718,11594,12289,13411,14216,15010,16143,18280,20010,21093,20433,20601,20905,21164,20803,20086,19907,19721,20103,20090,19894,19889,18759,17896,16852,16669,16966,15936,15416,13787,12507,11614,10980,10808,10288,10129,10661,11009,10223,10473,10274,9816,9388,8015,8360,8352,9003,9243,9612,9382,9928,10528,10526,10150,10469,10103,9827,9707,9568,9380,8979,8570,8454,8295,7822,7980,7932,7478,7508,7758,7903,7983,8109,8405,8991,9021,9662,10188,10752,11655,12455,13128,13709,15312,17151,18496,19736,18985,19608,19431,19551,19481,18841,18816,18549,18873,18774,19126,18875,17743,16898,16127,15837,16072,15157,14385,12845,11877,10900,10800,10267,9672,9932,10001,10212,9705,9729,9710,9372,8796,7477,7806
17  LaRioja,2565,2652,2715,2818,2882,3180,3171,3333,3310,3475,3269,3035,3034,2919,2833,2538,2388,2303,2233,2169,2157,2028,1988,2129,2102,2116,2205,2315,2317,2416,2433,2411,2714,2733,2945,3090,3198,3539,3769,3971,3873,4377,3996,3915,3863,3881,3868,3807,3930,3956,3924,3920,4074,4349,4184,4274,4366,4395,4490,4349,4495,4394,4314,4305,4499,4457,4519,4657,4831,5050,4837,5003,5017,4914,5060,4504,4527,1367,1374,1459,1412,1457,1626,1627,1747,1700,1783,1694,1556,1541,1468,1426,1307,1245,1190,1159,1091,1071,1011,995,1049,1107,1073,1148,1149,1226,1223,1276,1242,1399,1448,1493,1616,1683,1830,1904,2080,1933,2234,2044,1985,2020,1981,1964,1950,2004,2019,1987,1977,2051,2221,2164,2240,2219,2324,2389,2210,2321,2280,2205,2231,2311,2328,2303,2404,2487,2626,2425,2583,2554,2518,2560,2375,2271,1198,1278,1256,1406,1425,1554,1544,1586,1610,1692,1575,1479,1493,1451,1407,1231,1143,1113,1074,1078,1086,1017,993,1080,995,1043,1057,1166,1091,1193,1157,1169,1315,1285,1452,1474,1515,1709,1865,1891,1940,2143,1952,1930,1843,1900,1904,1857,1926,1937,1937,1943,2023,2128,2020,2034,2147,2071,2101,2139,2174,2114,2109,2074,2188,2129,2216,2253,2344,2424,2412,2420,2463,2396,2500,2129,2256
18 Ceuta,1439,1479,1490,1580,1379,1552,1674,1663,1517,1505,1476,1409,1329,1282,1156,1060,998,1016,1050,969,995,942,978,967,1075,1012,997,943,1004,1072,1023,1000,1080,1000,1053,1076,1131,1189,1198,1252,1249,1281,1343,1267,1277,1341,1407,1331,1327,1341,1431,1468,1440,1634,1573,1507,1535,1626,1575,1423,1550,1275,1312,1202,1246,1268,1401,1347,1424,1466,1375,1350,,,,,,776,763,800,804,731,812,858,857,799,754,772,702,696,666,611,530,534,508,509,516,496,490,495,500,549,535,520,463,518,524,519,525,546,503,516,549,562,632,617,644,666,643,683,658,664,694,743,675,671,736,736,775,780,879,828,776,819,862,831,701,763,655,691,597,642,634,703,719,755,742,712,702,,,,,,663,716,690,776,648,740,816,806,718,751,704,707,633,616,545,530,464,508,541,453,499,452,483,467,526,477,477,480,486,548,504,475,534,497,537,527,569,557,581,608,583,638,660,609,613,647,664,656,656,605,695,693,660,755,745,731,716,764,744,722,787,620,621,605,604,634,698,628,669,724,663,648,,,,,
19 Melilla,1995,2039,2158,1988,1809,1808,1746,1620,1512,1501,1332,1367,1277,1189,1315,1213,1254,1231,1091,1074,1043,1036,1045,1070,1116,1129,989,1013,975,1032,920,955,967,927,927,943,867,893,807,844,862,862,755,1224,1088,1087,1255,1271,1127,1022,1207,1288,1370,1438,1475,1480,1523,1620,1679,1754,1917,1638,1632,1452,1480,1628,1556,1655,1559,1778,1888,1783,,,,,,1076,1064,1142,1072,953,961,945,819,818,775,711,711,645,630,689,637,636,674,570,560,541,560,540,551,593,613,518,519,484,527,501,501,525,493,510,535,450,467,421,436,466,467,381,640,571,516,662,653,585,509,602,637,718,734,764,737,782,847,901,850,988,847,860,749,802,843,817,830,804,932,940,884,,,,,,919,975,1016,916,856,847,801,801,694,726,621,656,632,559,626,576,618,557,521,514,502,476,505,519,523,516,471,494,491,505,419,454,442,434,417,408,417,426,386,408,396,395,374,584,517,571,593,618,542,513,605,651,652,704,711,743,741,773,778,904,929,791,772,703,678,785,739,825,755,846,948,899,,,,,
Notas:,,,,,,,,,,,,,,,,,,,,,,,,,,,,,,,,,,,,,,,,,,,,,,,,,,,,,,,,,,,,,,,,,,,,,,,,,,,,,,,,,,,,,,,,,,,,,,,,,,,,,,,,,,,,,,,,,,,,,,,,,,,,,,,,,,,,,,,,,,,,,,,,,,,,,,,,,,,,,,,,,,,,,,,,,,,,,,,,,,,,,,,,,,,,,,,,,,,,,,,,,,,,,,,,,,,,,,,,,,,,,,,,,,,,,,,
Fuente: Instituto Nacional de Estadística,,,,,,,,,,,,,,,,,,,,,,,,,,,,,,,,,,,,,,,,,,,,,,,,,,,,,,,,,,,,,,,,,,,,,,,,,,,,,,,,,,,,,,,,,,,,,,,,,,,,,,,,,,,,,,,,,,,,,,,,,,,,,,,,,,,,,,,,,,,,,,,,,,,,,,,,,,,,,,,,,,,,,,,,,,,,,,,,,,,,,,,,,,,,,,,,,,,,,,,,,,,,,,,,,,,,,,,,,,,,,,,,,,,,,,,
